customer_id,name,email,location,phone_number
1,Peter Lee,charlottehuff@yahoo.com,Codyfurt,3175570078
2,Donna Burnett,gary51@yahoo.com,Danielshaven,(502)898-1619x29006
3,Sarah Benson,pamelarussell@yahoo.com,Justinstad,+1-932-440-8055x0811
4,Diana Davis,kimberlygonzalez@bradshaw.com,East Christopherview,6634677717
5,Jason Anderson,lturner@gmail.com,Danielsborough,(934)960-8151
6,Megan Lara,tobrien@thompson-brown.org,Marqueztown,244.019.9769x29500
7,Deanna Ruiz,obrienryan@yahoo.com,Darrylland,040.200.5767
8,Susan Cunningham,angelajohnson@hotmail.com,Jacksonbury,(645)723-4582x96904
9,Kelly Gordon,amber17@yahoo.com,New Ivanburgh,295-070-1891
10,Krystal Barker,lisa91@yahoo.com,Lake Jose,(662)167-9929
11,Mary Jensen,jenny52@gmail.com,West Mason,+1-108-997-4978x25514
12,James Rodriguez,waynesmith@yahoo.com,East Jeffrey,+1-163-361-9766x256
13,Jon Paul,castilloteresa@mcdonald-powell.com,North Jesus,297-190-6916
14,Sarah Chavez,omcneil@michael-woodward.com,West Randymouth,+1-844-596-6812x31961
15,Jennifer Morales,westchristopher@yahoo.com,Fletcherborough,(765)743-7549
16,Regina Chavez,sharon54@hotmail.com,Williamsshire,(269)702-4474x73388
17,Nancy Oconnor,morenojeremy@gmail.com,West Joseph,703.300.8140x8256
18,Kevin Buchanan,barbaraprice@cline.com,New Jerry,001-846-462-1530
19,Vicki Henry,johnhansen@gmail.com,Robertsville,+1-693-157-7307x898
20,Jason Robinson,fosterscott@gmail.com,New Michael,758.162.9351x06243
21,Terri Vincent,ucortez@gmail.com,South Kevin,001-036-436-2858x6933
22,Anita Dixon,gibsonjenna@gmail.com,Sharonton,(520)283-9784
23,Christopher Blake,mhudson@gonzalez.org,Whitehaven,437.639.5019x885
24,Abigail Sullivan MD,john07@yahoo.com,Jessicaside,272-918-3528x09567
25,Paul Gonzalez,johnstonphillip@gmail.com,Tuckerland,001-843-987-6599x735
26,Julie Farley,kelsey27@moore-cannon.com,Danafurt,(344)571-3870
27,Jennifer Jones,zcobb@hotmail.com,Lake Tiffanyview,(937)010-4824
28,Kenneth Reyes,ricardorobinson@doyle-williams.com,Hernandezmouth,(066)192-1441x968
29,Brittany Underwood,suttonadam@johnson.com,South Jon,+1-636-344-7801x5690
30,Sheena Banks,fwhite@yahoo.com,New Lisa,+1-678-991-5027x6943
31,Christian Dean,jamesramirez@hotmail.com,North Holly,(050)068-9562x841
32,Stacey Coleman,fjordan@olson.com,East Cody,722-136-4449x90815
33,Gabriel Carroll,edwardsjustin@hotmail.com,East Lauramouth,547.319.3510
34,Heather Jones,weaverjessica@hotmail.com,Clarkland,299-449-5164x702
35,Paula Jones,heatherweaver@ellison.biz,Port Meghan,379-758-6081
36,Zachary Conway,smithbrittany@hotmail.com,Lake Matthewberg,713-350-4291x163
37,Ariel Schwartz,blackburndustin@mendoza.net,South Kevin,+1-184-852-5969x263
38,Todd Zamora,derekedwards@yahoo.com,Port Laurafort,671-723-1872
39,Alexis Barrett,sherrinewton@yahoo.com,Thomashaven,482.816.3036
40,Peggy Khan,kim17@camacho-rush.org,West Stephanieland,126-957-3536
41,Nicholas Lang,chrisgoodman@hotmail.com,North Joel,206-163-0503x966
42,Darlene Martinez,iparker@jones-vasquez.info,Phillipsmouth,001-173-136-0921x81578
43,Maureen Rivera,reginaaguilar@gmail.com,Lake Chad,001-299-783-7501x1579
44,Edward Nash,debbiecook@garza-wong.info,West Maryshire,821-194-0002x71355
45,Kimberly Murphy,bryanrogers@pierce.net,Lake Scott,(093)314-8514
46,Justin Steele,marcusmorrison@howard.com,Port Jeffreyville,+1-606-905-6216x333
47,Lindsay Dickson,cesar70@jones.com,North Mark,(754)545-0328
48,Margaret Lee DDS,janenguyen@hotmail.com,Port Debra,001-365-367-2497x14178
49,Frank Mann,callen@alexander.biz,Curryport,(091)547-0167x6196
50,Katie Douglas,shuynh@anderson-wallace.net,South Andreaport,188-668-8390x84217
